{"0.35": {"gt": {"tc": 6.181920586862617, "dtc": 4.697284617642254, "o_inf": 1.4846359692203634, "s_inf": 10.87920520450487, "tc_minus": [5.180624299459495, 5.180624299459495, 5.180624299459495, 5.180624299459495, 5.180624299459495, 5.180624299459495, 4.964063716841082, 4.964063716841082, 4.964063716841082, 4.964063716841082], "dtc_minus": [4.001475279257136, 4.001475279257136, 4.001475279257136, 4.001475279257136, 4.001475279257136, 4.001475279257136, 4.0476028697868855, 4.0476028697868855, 4.0476028697868855, 4.0476028697868855], "g_tc": [1.0012962874031217, 1.0012962874031217, 1.0012962874031217, 1.0012962874031217, 1.0012962874031217, 1.0012962874031217, 1.217856870021535, 1.217856870021535, 1.217856870021535, 1.217856870021535], "g_dtc": [0.6958093383851178, 0.6958093383851178, 0.6958093383851178, 0.6958093383851178, 0.6958093383851178, 0.6958093383851178, 0.649681747855368, 0.649681747855368, 0.649681747855368, 0.649681747855368], "g_o_inf": [0.3054869490180039, 0.3054869490180039, 0.3054869490180039, 0.3054869490180039, 0.3054869490180039, 0.3054869490180039, 0.5681751221661671, 0.5681751221661671, 0.5681751221661671, 0.5681751221661671], "g_s_inf": [1.6971056257882395, 1.6971056257882395, 1.6971056257882395, 1.6971056257882395, 1.6971056257882395, 1.6971056257882395, 1.8675386178769031, 1.8675386178769031, 1.8675386178769031, 1.8675386178769031], "e_joint": 135.71193273360464, "e_minus_i": [122.52384368896104, 122.52384368896104, 122.52384368896104, 122.52384368896104, 122.52384368896104, 122.52384368896104, 122.74040427157945, 122.74040427157945, 122.74040427157945, 122.74040427157945], "e_marg_i": [14.189385332046726, 14.189385332046726, 14.189385332046726, 14.189385332046726, 14.189385332046726, 14.189385332046726, 14.189385332046726, 14.189385332046726, 14.189385332046726, 14.189385332046726], "e_i_cond_slash": [13.188089044643604, 13.188089044643604, 13.188089044643604, 13.188089044643604, 13.188089044643604, 13.188089044643604, 12.97152846202519, 12.97152846202519, 12.97152846202519, 12.97152846202519], "e_cond_ij": [13.535993713836135, 13.535993713836135, 13.188089044643604, 13.188089044643604, 13.188089044643604, 13.188089044643618, 13.188089044643618, 13.188089044643618, 13.188089044643618]}, "e": {"tc": 5.8483339786529545, "dtc": 4.4861572265625, "o_inf": 1.3621767520904546, "s_inf": 10.334491205215453}}}