{"0.65": {"gt": {"tc": 23.00565727634404, "dtc": 14.543512949578997, "o_inf": 8.462144326765042, "s_inf": 37.549170225923035, "tc_minus": [19.41721582896372, 19.41721582896372, 19.41721582896372, 19.41721582896372, 19.41721582896372, 19.41721582896372, 19.00102689093376, 19.00102689093376, 19.00102689093376, 19.00102689093376], "dtc_minus": [12.857098420680245, 12.857098420680245, 12.857098420680245, 12.857098420680245, 12.857098420680245, 12.857098420680245, 13.294946135489113, 13.294946135489113, 13.294946135489113, 13.294946135489113], "g_tc": [3.588441447380319, 3.588441447380319, 3.588441447380319, 3.588441447380319, 3.588441447380319, 3.588441447380319, 4.00463038541028, 4.00463038541028, 4.00463038541028, 4.00463038541028], "g_dtc": [1.6864145288987515, 1.6864145288987515, 1.6864145288987515, 1.6864145288987515, 1.6864145288987515, 1.6864145288987515, 1.2485668140898838, 1.2485668140898838, 1.2485668140898838, 1.2485668140898838], "g_o_inf": [1.9020269184815675, 1.9020269184815675, 1.9020269184815675, 1.9020269184815675, 1.9020269184815675, 1.9020269184815675, 2.7560635713203965, 2.7560635713203965, 2.7560635713203965, 2.7560635713203965], "g_s_inf": [5.2748559762790705, 5.2748559762790705, 5.2748559762790705, 5.2748559762790705, 5.2748559762790705, 5.2748559762790705, 5.253197199500164, 5.253197199500164, 5.253197199500164, 5.253197199500164], "e_joint": 118.88819604412322, "e_minus_i": [108.28725215945681, 108.28725215945681, 108.28725215945681, 108.28725215945681, 108.28725215945681, 108.28725215945681, 108.70344109748677, 108.70344109748677, 108.70344109748677, 108.70344109748677], "e_marg_i": [14.189385332046726, 14.189385332046726, 14.189385332046726, 14.189385332046726, 14.189385332046726, 14.189385332046726, 14.189385332046726, 14.189385332046726, 14.189385332046726, 14.189385332046726], "e_i_cond_slash": [10.600943884666407, 10.600943884666407, 10.600943884666407, 10.600943884666407, 10.600943884666407, 10.600943884666407, 10.184754946636446, 10.184754946636446, 10.184754946636446, 10.184754946636446], "e_cond_ij": [11.444151149115783, 11.444151149115783, 10.600943884666407, 10.600943884666407, 10.600943884666407, 10.600943884666407, 10.600943884666407, 10.600943884666407, 10.600943884666407]}, "e": {"tc": 22.41957950592041, "dtc": 14.050071620941162, "o_inf": 8.369507884979248, "s_inf": 36.46965112686157}}}