{"0.4": {"gt": {"tc": 8.058743380967144, "dtc": 5.929691049662239, "o_inf": 2.129052331304905, "s_inf": 13.988434430629383, "tc_minus": [6.761187403541712, 6.761187403541712, 6.761187403541712, 6.761187403541712, 6.761187403541712, 6.761187403541712, 6.507968739447946, 6.507968739447946, 6.507968739447946, 6.507968739447946], "dtc_minus": [5.078112966259141, 5.078112966259141, 5.078112966259141, 5.078112966259141, 5.078112966259141, 5.078112966259141, 5.170035057380943, 5.170035057380943, 5.170035057380943, 5.170035057380943], "g_tc": [1.2975559774254322, 1.2975559774254322, 1.2975559774254322, 1.2975559774254322, 1.2975559774254322, 1.2975559774254322, 1.5507746415191974, 1.5507746415191974, 1.5507746415191974, 1.5507746415191974], "g_dtc": [0.8515780834030977, 0.8515780834030977, 0.8515780834030977, 0.8515780834030977, 0.8515780834030977, 0.8515780834030977, 0.7596559922812958, 0.7596559922812958, 0.7596559922812958, 0.7596559922812958], "g_o_inf": [0.44597789402233445, 0.44597789402233445, 0.44597789402233445, 0.44597789402233445, 0.44597789402233445, 0.44597789402233445, 0.7911186492379016, 0.7911186492379016, 0.7911186492379016, 0.7911186492379016], "g_s_inf": [2.14913406082853, 2.14913406082853, 2.14913406082853, 2.14913406082853, 2.14913406082853, 2.14913406082853, 2.310430633800493, 2.310430633800493, 2.310430633800493, 2.310430633800493], "e_joint": 133.83510993950011, "e_minus_i": [120.94328058487882, 120.94328058487882, 120.94328058487882, 120.94328058487882, 120.94328058487882, 120.94328058487882, 121.19649924897259, 121.19649924897259, 121.19649924897259, 121.19649924897259], "e_marg_i": [14.189385332046726, 14.189385332046726, 14.189385332046726, 14.189385332046726, 14.189385332046726, 14.189385332046726, 14.189385332046726, 14.189385332046726, 14.189385332046726, 14.189385332046726], "e_i_cond_slash": [12.891829354621294, 12.891829354621294, 12.891829354621294, 12.891829354621294, 12.891829354621294, 12.891829354621294, 12.638610690527528, 12.638610690527528, 12.638610690527528, 12.638610690527528], "e_cond_ij": [13.317618396322843, 13.317618396322843, 12.891829354621294, 12.891829354621294, 12.891829354621294, 12.891829354621294, 12.891829354621294, 12.891829354621294, 12.891829354621294]}, "e": {"tc": 7.687305164337158, "dtc": 5.6700966358184814, "o_inf": 2.017208528518677, "s_inf": 13.357401800155639}}}