{"0.1": {"gt": {"tc": 0.5525811577469142, "dtc": 0.5042491619847453, "o_inf": 0.048331995762168845, "s_inf": 1.0568303197316595, "tc_minus": [0.4608354644059318, 0.4608354644059318, 0.4608354644059318, 0.4608354644059318, 0.4608354644059318, 0.4608354644059318, 0.42599211782547286, 0.42599211782547286, 0.42599211782547286, 0.42599211782547286], "dtc_minus": [0.42126113383784514, 0.42126113383784514, 0.42126113383784514, 0.42126113383784514, 0.42126113383784514, 0.42126113383784514, 0.39971912224349637, 0.39971912224349637, 0.39971912224349637, 0.39971912224349637], "g_tc": [0.09174569334098237, 0.09174569334098237, 0.09174569334098237, 0.09174569334098237, 0.09174569334098237, 0.09174569334098237, 0.12658903992144133, 0.12658903992144133, 0.12658903992144133, 0.12658903992144133], "g_dtc": [0.0829880281469002, 0.0829880281469002, 0.0829880281469002, 0.0829880281469002, 0.0829880281469002, 0.0829880281469002, 0.10453003974124897, 0.10453003974124897, 0.10453003974124897, 0.10453003974124897], "g_o_inf": [0.008757665194082165, 0.008757665194082165, 0.008757665194082165, 0.008757665194082165, 0.008757665194082165, 0.008757665194082165, 0.022059000180192356, 0.022059000180192356, 0.022059000180192356, 0.022059000180192356], "g_s_inf": [0.17473372148788258, 0.17473372148788258, 0.17473372148788258, 0.17473372148788258, 0.17473372148788258, 0.17473372148788258, 0.2311190796626903, 0.2311190796626903, 0.2311190796626903, 0.2311190796626903], "e_joint": 141.34127216272034, "e_minus_i": [127.2436325240146, 127.2436325240146, 127.2436325240146, 127.2436325240146, 127.2436325240146, 127.2436325240146, 127.27847587059506, 127.27847587059506, 127.27847587059506, 127.27847587059506], "e_marg_i": [14.189385332046726, 14.189385332046726, 14.189385332046726, 14.189385332046726, 14.189385332046726, 14.189385332046726, 14.189385332046726, 14.189385332046726, 14.189385332046726, 14.189385332046726], "e_i_cond_slash": [14.097639638705743, 14.097639638705743, 14.097639638705743, 14.097639638705743, 14.097639638705743, 14.097639638705743, 14.062796292125284, 14.062796292125284, 14.062796292125284, 14.062796292125284], "e_cond_ij": [14.139133652779222, 14.139133652779222, 14.097639638705743, 14.097639638705743, 14.097639638705743, 14.09763963870573, 14.09763963870573, 14.09763963870573, 14.09763963870573]}, "e": {"tc": 0.37508216202259065, "dtc": 0.3802881479263306, "o_inf": -0.00520598590373994, "s_inf": 0.7553703099489213}}}