{"0.25": {"gt": {"tc": 3.2161425150535763, "dtc": 2.615300807171735, "o_inf": 0.6008417078818411, "s_inf": 5.8314433222253115, "tc_minus": [2.6893399367644406, 2.6893399367644406, 2.6893399367644406, 2.6893399367644406, 2.6893399367644406, 2.6893399367644406, 2.548485551930952, 2.548485551930952, 2.548485551930952, 2.548485551930952], "dtc_minus": [2.2070808619691604, 2.2070808619691604, 2.2070808619691604, 2.2070808619691604, 2.2070808619691604, 2.2070808619691604, 2.192737652671269, 2.192737652671269, 2.192737652671269, 2.192737652671269], "g_tc": [0.5268025782891357, 0.5268025782891357, 0.5268025782891357, 0.5268025782891357, 0.5268025782891357, 0.5268025782891357, 0.6676569631226243, 0.6676569631226243, 0.6676569631226243, 0.6676569631226243], "g_dtc": [0.40821994520257476, 0.40821994520257476, 0.40821994520257476, 0.40821994520257476, 0.40821994520257476, 0.40821994520257476, 0.422563154500466, 0.422563154500466, 0.422563154500466, 0.422563154500466], "g_o_inf": [0.11858263308656092, 0.11858263308656092, 0.11858263308656092, 0.11858263308656092, 0.11858263308656092, 0.11858263308656092, 0.24509380862215835, 0.24509380862215835, 0.24509380862215835, 0.24509380862215835], "g_s_inf": [0.9350225234917104, 0.9350225234917104, 0.9350225234917104, 0.9350225234917104, 0.9350225234917104, 0.9350225234917104, 1.0902201176230903, 1.0902201176230903, 1.0902201176230903, 1.0902201176230903], "e_joint": 138.67771080541368, "e_minus_i": [125.01512805165609, 125.01512805165609, 125.01512805165609, 125.01512805165609, 125.01512805165609, 125.01512805165609, 125.15598243648958, 125.15598243648958, 125.15598243648958, 125.15598243648958], "e_marg_i": [14.189385332046726, 14.189385332046726, 14.189385332046726, 14.189385332046726, 14.189385332046726, 14.189385332046726, 14.189385332046726, 14.189385332046726, 14.189385332046726, 14.189385332046726], "e_i_cond_slash": [13.66258275375759, 13.66258275375759, 13.66258275375759, 13.66258275375759, 13.66258275375759, 13.66258275375759, 13.521728368924101, 13.521728368924101, 13.521728368924101, 13.521728368924101], "e_cond_ij": [13.866692726358878, 13.866692726358878, 13.66258275375759, 13.66258275375759, 13.66258275375759, 13.66258275375759, 13.66258275375759, 13.66258275375759, 13.66258275375759]}, "e": {"tc": 3.0142983913421633, "dtc": 2.400048542022705, "o_inf": 0.6142498493194584, "s_inf": 5.414346933364868}}}