{"0.5": {"gt": {"tc": 12.747225854627857, "dtc": 8.816799973531744, "o_inf": 3.930425881096113, "s_inf": 21.5640258281596, "tc_minus": [10.719900314087042, 10.719900314087042, 10.719900314087042, 10.719900314087042, 10.719900314087042, 10.719900314087042, 10.39720770839918, 10.39720770839918, 10.39720770839918, 10.39720770839918], "dtc_minus": [7.6389696169680406, 7.6389696169680406, 7.6389696169680406, 7.6389696169680406, 7.6389696169680406, 7.6389696169680406, 7.848722156468156, 7.848722156468156, 7.848722156468156, 7.848722156468156], "g_tc": [2.027325540540815, 2.027325540540815, 2.027325540540815, 2.027325540540815, 2.027325540540815, 2.027325540540815, 2.3500181462286776, 2.3500181462286776, 2.3500181462286776, 2.3500181462286776], "g_dtc": [1.1778303565637032, 1.1778303565637032, 1.1778303565637032, 1.1778303565637032, 1.1778303565637032, 1.1778303565637032, 0.9680778170635875, 0.9680778170635875, 0.9680778170635875, 0.9680778170635875], "g_o_inf": [0.8494951839771119, 0.8494951839771119, 0.8494951839771119, 0.8494951839771119, 0.8494951839771119, 0.8494951839771119, 1.38194032916509, 1.38194032916509, 1.38194032916509, 1.38194032916509], "g_s_inf": [3.205155897104518, 3.205155897104518, 3.205155897104518, 3.205155897104518, 3.205155897104518, 3.205155897104518, 3.318095963292265, 3.318095963292265, 3.318095963292265, 3.318095963292265], "e_joint": 129.1466274658394, "e_minus_i": [116.98456767433349, 116.98456767433349, 116.98456767433349, 116.98456767433349, 116.98456767433349, 116.98456767433349, 117.30726028002135, 117.30726028002135, 117.30726028002135, 117.30726028002135], "e_marg_i": [14.189385332046726, 14.189385332046726, 14.189385332046726, 14.189385332046726, 14.189385332046726, 14.189385332046726, 14.189385332046726, 14.189385332046726, 14.189385332046726, 14.189385332046726], "e_i_cond_slash": [12.16205979150591, 12.16205979150591, 12.16205979150591, 12.16205979150591, 12.16205979150591, 12.16205979150591, 11.839367185818048, 11.839367185818048, 11.839367185818048, 11.839367185818048], "e_cond_ij": [12.750974969787805, 12.750974969787805, 12.162059791505882, 12.162059791505882, 12.162059791505882, 12.16205979150591, 12.16205979150591, 12.16205979150591, 12.16205979150591]}, "e": {"tc": 12.38134126663208, "dtc": 8.453994941711425, "o_inf": 3.9273463249206557, "s_inf": 20.835336208343506}}}