{"0.6": {"gt": {"tc": 19.037504926046935, "dtc": 12.40017859776708, "o_inf": 6.637326328279855, "s_inf": 31.437683523814, "tc_minus": [16.04831992226883, 16.04831992226883, 16.04831992226883, 16.04831992226883, 16.04831992226883, 16.04831992226883, 15.661861550760591, 15.661861550760591, 15.661861550760591, 15.661861550760591], "dtc_minus": [10.884679616495106, 10.884679616495106, 10.884679616495106, 10.884679616495106, 10.884679616495106, 10.884679616495106, 11.240803483242345, 11.240803483242345, 11.240803483242345, 11.240803483242345], "g_tc": [2.989185003778104, 2.989185003778104, 2.989185003778104, 2.989185003778104, 2.989185003778104, 2.989185003778104, 3.3756433752863444, 3.3756433752863444, 3.3756433752863444, 3.3756433752863444], "g_dtc": [1.5154989812719748, 1.5154989812719748, 1.5154989812719748, 1.5154989812719748, 1.5154989812719748, 1.5154989812719748, 1.1593751145247353, 1.1593751145247353, 1.1593751145247353, 1.1593751145247353], "g_o_inf": [1.4736860225061292, 1.4736860225061292, 1.4736860225061292, 1.4736860225061292, 1.4736860225061292, 1.4736860225061292, 2.216268260761609, 2.216268260761609, 2.216268260761609, 2.216268260761609], "g_s_inf": [4.504683985050079, 4.504683985050079, 4.504683985050079, 4.504683985050079, 4.504683985050079, 4.504683985050079, 4.53501848981108, 4.53501848981108, 4.53501848981108, 4.53501848981108], "e_joint": 122.85634839442032, "e_minus_i": [111.6561480661517, 111.6561480661517, 111.6561480661517, 111.6561480661517, 111.6561480661517, 111.6561480661517, 112.04260643765994, 112.04260643765994, 112.04260643765994, 112.04260643765994], "e_marg_i": [14.189385332046726, 14.189385332046726, 14.189385332046726, 14.189385332046726, 14.189385332046726, 14.189385332046726, 14.189385332046726, 14.189385332046726, 14.189385332046726, 14.189385332046726], "e_i_cond_slash": [11.200200328268622, 11.200200328268622, 11.200200328268622, 11.200200328268622, 11.200200328268622, 11.200200328268622, 10.813741956760381, 10.813741956760381, 10.813741956760381, 10.813741956760381], "e_cond_ij": [11.957949818904623, 11.957949818904623, 11.200200328268608, 11.200200328268608, 11.200200328268608, 11.200200328268622, 11.200200328268622, 11.200200328268622, 11.200200328268622]}, "e": {"tc": 18.495707702636718, "dtc": 11.835658931732178, "o_inf": 6.66004877090454, "s_inf": 30.331366634368898}}}