{"0.2": {"gt": {"tc": 2.095283783556539, "dtc": 1.7667455348458532, "o_inf": 0.3285382487106858, "s_inf": 3.862029318402392, "tc_minus": [1.750319426121763, 1.750319426121763, 1.750319426121763, 1.750319426121763, 1.750319426121763, 1.750319426121763, 1.647222990108105, 1.647222990108105, 1.647222990108105, 1.647222990108105], "dtc_minus": [1.4850367651787337, 1.4850367651787337, 1.4850367651787337, 1.4850367651787337, 1.4850367651787337, 1.4850367651787337, 1.4574562268048794, 1.4574562268048794, 1.4574562268048794, 1.4574562268048794], "g_tc": [0.34496435743477605, 0.34496435743477605, 0.34496435743477605, 0.34496435743477605, 0.34496435743477605, 0.34496435743477605, 0.44806079344843397, 0.44806079344843397, 0.44806079344843397, 0.44806079344843397], "g_dtc": [0.28170876966711944, 0.28170876966711944, 0.28170876966711944, 0.28170876966711944, 0.28170876966711944, 0.28170876966711944, 0.30928930804097376, 0.30928930804097376, 0.30928930804097376, 0.30928930804097376], "g_o_inf": [0.06325558776765661, 0.06325558776765661, 0.06325558776765661, 0.06325558776765661, 0.06325558776765661, 0.06325558776765661, 0.1387714854074602, 0.1387714854074602, 0.1387714854074602, 0.1387714854074602], "g_s_inf": [0.6266731271018955, 0.6266731271018955, 0.6266731271018955, 0.6266731271018955, 0.6266731271018955, 0.6266731271018955, 0.7573501014894077, 0.7573501014894077, 0.7573501014894077, 0.7573501014894077], "e_joint": 139.79856953691072, "e_minus_i": [125.95414856229877, 125.95414856229877, 125.95414856229877, 125.95414856229877, 125.95414856229877, 125.95414856229877, 126.05724499831243, 126.05724499831243, 126.05724499831243, 126.05724499831243], "e_marg_i": [14.189385332046726, 14.189385332046726, 14.189385332046726, 14.189385332046726, 14.189385332046726, 14.189385332046726, 14.189385332046726, 14.189385332046726, 14.189385332046726, 14.189385332046726], "e_i_cond_slash": [13.84442097461195, 13.84442097461195, 13.84442097461195, 13.84442097461195, 13.84442097461195, 13.84442097461195, 13.741324538598292, 13.741324538598292, 13.741324538598292, 13.741324538598292], "e_cond_ij": [13.985275359445467, 13.985275359445467, 13.844420974611978, 13.844420974611978, 13.844420974611978, 13.84442097461195, 13.84442097461195, 13.84442097461195, 13.84442097461195]}, "e": {"tc": 1.923931849002838, "dtc": 1.584704327583313, "o_inf": 0.33922752141952506, "s_inf": 3.508636176586151}}}