{"0.375": {"gt": {"tc": 7.085110132364633, "dtc": 5.297089336596514, "o_inf": 1.7880207957681193, "s_inf": 12.382199468961147, "tc_minus": [5.940902270220377, 5.940902270220377, 5.940902270220377, 5.940902270220377, 5.940902270220377, 5.940902270220377, 5.705872058340731, 5.705872058340731, 5.705872058340731, 5.705872058340731], "dtc_minus": [4.524172593579905, 4.524172593579905, 4.524172593579905, 4.524172593579905, 4.524172593579905, 4.524172593579905, 4.591998700957447, 4.591998700957447, 4.591998700957447, 4.591998700957447], "g_tc": [1.1442078621442562, 1.1442078621442562, 1.1442078621442562, 1.1442078621442562, 1.1442078621442562, 1.1442078621442562, 1.3792380740239025, 1.3792380740239025, 1.3792380740239025, 1.3792380740239025], "g_dtc": [0.7729167430166086, 0.7729167430166086, 0.7729167430166086, 0.7729167430166086, 0.7729167430166086, 0.7729167430166086, 0.7050906356390669, 0.7050906356390669, 0.7050906356390669, 0.7050906356390669], "g_o_inf": [0.37129111912764756, 0.37129111912764756, 0.37129111912764756, 0.37129111912764756, 0.37129111912764756, 0.37129111912764756, 0.6741474383848356, 0.6741474383848356, 0.6741474383848356, 0.6741474383848356], "g_s_inf": [1.9171246051608648, 1.9171246051608648, 1.9171246051608648, 1.9171246051608648, 1.9171246051608648, 1.9171246051608648, 2.0843287096629695, 2.0843287096629695, 2.0843287096629695, 2.0843287096629695], "e_joint": 134.80874318810262, "e_minus_i": [121.76356571820016, 121.76356571820016, 121.76356571820016, 121.76356571820016, 121.76356571820016, 121.76356571820016, 121.9985959300798, 121.9985959300798, 121.9985959300798, 121.9985959300798], "e_marg_i": [14.189385332046726, 14.189385332046726, 14.189385332046726, 14.189385332046726, 14.189385332046726, 14.189385332046726, 14.189385332046726, 14.189385332046726, 14.189385332046726, 14.189385332046726], "e_i_cond_slash": [13.04517746990247, 13.04517746990247, 13.04517746990247, 13.04517746990247, 13.04517746990247, 13.04517746990247, 12.810147258022823, 12.810147258022823, 12.810147258022823, 12.810147258022823], "e_cond_ij": [13.431635841410724, 13.431635841410724, 13.045177469902484, 13.045177469902484, 13.045177469902484, 13.045177469902484, 13.045177469902484, 13.045177469902484, 13.045177469902484]}, "e": {"tc": 6.728671360015869, "dtc": 5.086364078521728, "o_inf": 1.6423072814941406, "s_inf": 11.815035438537597}}}